[
    {
        "date": "2019-10-11T00:00:00+03:00",
        "value": 423
    },
    {
        "date": "2019-10-15T00:00:00+03:00",
        "value": 429
    },
    {
        "date": "2019-10-16T00:00:00+03:00",
        "value": 432
    },
    {
        "date": "2019-10-18T00:00:00+03:00",
        "value": 436
    },
    {
        "date": "2019-10-21T00:00:00+03:00",
        "value": 440
    },
    {
        "date": "2019-10-22T00:00:00+03:00",
        "value": 447
    },
    {
        "date": "2019-10-23T00:00:00+03:00",
        "value": 410
    },
    {
        "date": "2019-10-24T00:00:00+03:00",
        "value": 385
    },
    {
        "date": "2019-10-25T00:00:00+03:00",
        "value": 388
    },
    {
        "date": "2019-10-28T00:00:00+03:00",
        "value": 394
    },
    {
        "date": "2019-10-29T00:00:00+03:00",
        "value": 345
    },
    {
        "date": "2019-10-30T00:00:00+03:00",
        "value": 350
    },
    {
        "date": "2019-10-31T00:00:00+03:00",
        "value": 359
    },
    {
        "date": "2019-11-01T00:00:00+03:00",
        "value": 361
    },
    {
        "date": "2019-11-03T00:00:00+03:00",
        "value": 358
    },
    {
        "date": "2019-11-05T00:00:00+03:00",
        "value": 359
    },
    {
        "date": "2019-11-06T00:00:00+03:00",
        "value": 362
    },
    {
        "date": "2019-11-08T00:00:00+03:00",
        "value": 369
    },
    {
        "date": "2019-11-11T00:00:00+03:00",
        "value": 375
    },
    {
        "date": "2019-11-12T00:00:00+03:00",
        "value": 380
    },
    {
        "date": "2019-11-13T00:00:00+03:00",
        "value": 388
    },
    {
        "date": "2019-11-14T00:00:00+03:00",
        "value": 389
    },
    {
        "date": "2019-11-18T00:00:00+03:00",
        "value": 393
    },
    {
        "date": "2019-11-19T00:00:00+03:00",
        "value": 397
    },
    {
        "date": "2019-11-20T00:00:00+03:00",
        "value": 407
    },
    {
        "date": "2019-11-21T00:00:00+03:00",
        "value": 418
    },
    {
        "date": "2019-11-22T00:00:00+03:00",
        "value": 429
    },
    {
        "date": "2019-11-23T00:00:00+03:00",
        "value": 433
    },
    {
        "date": "2019-11-24T00:00:00+03:00",
        "value": 434
    },
    {
        "date": "2019-11-25T00:00:00+03:00",
        "value": 418
    },
    {
        "date": "2019-11-26T00:00:00+03:00",
        "value": 420
    },
    {
        "date": "2019-11-27T00:00:00+03:00",
        "value": 413
    },
    {
        "date": "2019-11-28T00:00:00+03:00",
        "value": 414
    },
    {
        "date": "2019-11-29T00:00:00+03:00",
        "value": 421
    },
    {
        "date": "2019-12-02T00:00:00+03:00",
        "value": 428
    },
    {
        "date": "2019-12-03T00:00:00+03:00",
        "value": 430
    },
    {
        "date": "2019-12-04T00:00:00+03:00",
        "value": 429
    },
    {
        "date": "2019-12-05T00:00:00+03:00",
        "value": 431
    },
    {
        "date": "2019-12-06T00:00:00+03:00",
        "value": 439
    },
    {
        "date": "2019-12-08T00:00:00+03:00",
        "value": 427
    },
    {
        "date": "2019-12-09T00:00:00+03:00",
        "value": 413
    },
    {
        "date": "2019-12-11T00:00:00+03:00",
        "value": 403
    },
    {
        "date": "2019-12-12T00:00:00+03:00",
        "value": 392
    },
    {
        "date": "2019-12-13T00:00:00+03:00",
        "value": 400
    },
    {
        "date": "2019-12-14T00:00:00+03:00",
        "value": 402
    },
    {
        "date": "2019-12-17T00:00:00+03:00",
        "value": 404
    },
    {
        "date": "2019-12-18T00:00:00+03:00",
        "value": 414
    },
    {
        "date": "2019-12-20T00:00:00+03:00",
        "value": 422
    },
    {
        "date": "2019-12-21T00:00:00+03:00",
        "value": 427
    },
    {
        "date": "2019-12-23T00:00:00+03:00",
        "value": 440
    },
    {
        "date": "2019-12-24T00:00:00+03:00",
        "value": 448
    },
    {
        "date": "2019-12-26T00:00:00+03:00",
        "value": 460
    },
    {
        "date": "2019-12-27T12:19:02+03:00",
        "value": 464
    }
]
